﻿<?xml version="1.0" encoding="utf-8"?>
<abapGit version="v1.0.0" serializer="LCL_OBJECT_PROG" serializer_version="v1.0.0">
 <asx:abap xmlns:asx="http://www.sap.com/abapxml" version="1.0">
  <asx:values>
   <PROGDIR>
    <NAME>ZZ_LISP_IDE</NAME>
    <SUBC>1</SUBC>
    <APPL>*</APPL>
    <RSTAT>K</RSTAT>
    <RLOAD>E</RLOAD>
    <FIXPT>X</FIXPT>
    <UCCHECK>X</UCCHECK>
   </PROGDIR>
   <DYNPROS>
    <item>
     <HEADER>
      <PROGRAM>ZZ_LISP_IDE</PROGRAM>
      <SCREEN>0100</SCREEN>
      <LANGUAGE>E</LANGUAGE>
      <DESCRIPT>ABAP LISP Workbench</DESCRIPT>
      <TYPE>N</TYPE>
      <NEXTSCREEN>0100</NEXTSCREEN>
      <LINES>027</LINES>
      <COLUMNS>120</COLUMNS>
     </HEADER>
     <CONTAINERS>
      <RPY_DYCATT>
       <TYPE>SCREEN</TYPE>
       <NAME>SCREEN</NAME>
      </RPY_DYCATT>
     </CONTAINERS>
     <FIELDS>
      <RPY_DYFATC>
       <CONT_TYPE>SCREEN</CONT_TYPE>
       <CONT_NAME>SCREEN</CONT_NAME>
       <TYPE>OKCODE</TYPE>
       <NAME>G_OK_CODE</NAME>
       <TEXT>____________________</TEXT>
       <LENGTH>020</LENGTH>
       <VISLENGTH>020</VISLENGTH>
       <HEIGHT>001</HEIGHT>
       <FORMAT>CHAR</FORMAT>
       <INPUT_FLD>X</INPUT_FLD>
      </RPY_DYFATC>
     </FIELDS>
     <FLOW_LOGIC>
      <RPY_DYFLOW>
       <LINE>PROCESS BEFORE OUTPUT.</LINE>
      </RPY_DYFLOW>
      <RPY_DYFLOW>
       <LINE>MODULE status_0100.</LINE>
      </RPY_DYFLOW>
      <RPY_DYFLOW/>
      <RPY_DYFLOW>
       <LINE>PROCESS AFTER INPUT.</LINE>
      </RPY_DYFLOW>
      <RPY_DYFLOW>
       <LINE>MODULE cancel_0100 AT EXIT-COMMAND.</LINE>
      </RPY_DYFLOW>
      <RPY_DYFLOW>
       <LINE>MODULE user_command_0100.</LINE>
      </RPY_DYFLOW>
     </FLOW_LOGIC>
     <SPACES>
      <item>0</item>
      <item>2</item>
      <item>0</item>
      <item>0</item>
      <item>2</item>
      <item>2</item>
     </SPACES>
    </item>
   </DYNPROS>
   <CUA>
    <ADM>
     <ACTCODE>000001</ACTCODE>
     <MENCODE>000005</MENCODE>
     <PFKCODE>000001</PFKCODE>
    </ADM>
    <STA>
     <RSMPE_STAT>
      <CODE>STATUS_100</CODE>
      <MODAL>D</MODAL>
      <ACTCODE>000001</ACTCODE>
      <PFKCODE>000001</PFKCODE>
      <BUTCODE>0001</BUTCODE>
      <INT_NOTE>ABAP LISP Status</INT_NOTE>
     </RSMPE_STAT>
    </STA>
    <FUN>
     <RSMPE_FUNT>
      <CODE>BACK</CODE>
      <TEXTNO>001</TEXTNO>
      <TYPE>E</TYPE>
      <TEXT_TYPE>S</TEXT_TYPE>
      <FUN_TEXT>Back</FUN_TEXT>
     </RSMPE_FUNT>
     <RSMPE_FUNT>
      <CODE>CANCEL</CODE>
      <TEXTNO>001</TEXTNO>
      <TYPE>E</TYPE>
      <TEXT_TYPE>S</TEXT_TYPE>
      <TEXT_NAME>ICON_CANCEL</TEXT_NAME>
      <ICON_ID>@0W@</ICON_ID>
      <FUN_TEXT>Cancel</FUN_TEXT>
     </RSMPE_FUNT>
     <RSMPE_FUNT>
      <CODE>CLEAR</CODE>
      <TEXTNO>001</TEXTNO>
      <TEXT_TYPE>S</TEXT_TYPE>
      <TEXT_NAME>ICON_DELETE</TEXT_NAME>
      <ICON_ID>@11@</ICON_ID>
      <FUN_TEXT>Refresh</FUN_TEXT>
      <ICON_TEXT>Refresh</ICON_TEXT>
      <INFO_TEXT>Delete Source</INFO_TEXT>
      <PATH>E</PATH>
     </RSMPE_FUNT>
     <RSMPE_FUNT>
      <CODE>EXECUTE</CODE>
      <TEXTNO>001</TEXTNO>
      <TEXT_TYPE>S</TEXT_TYPE>
      <TEXT_NAME>ICON_SYSTEM_PLAY</TEXT_NAME>
      <ICON_ID>@I6@</ICON_ID>
      <FUN_TEXT>Evaluate</FUN_TEXT>
      <ICON_TEXT>Evaluate</ICON_TEXT>
      <INFO_TEXT>Run</INFO_TEXT>
      <PATH>V</PATH>
     </RSMPE_FUNT>
     <RSMPE_FUNT>
      <CODE>EXIT</CODE>
      <TEXTNO>001</TEXTNO>
      <TYPE>E</TYPE>
      <TEXT_TYPE>S</TEXT_TYPE>
      <FUN_TEXT>Exit</FUN_TEXT>
      <PATH>X</PATH>
     </RSMPE_FUNT>
     <RSMPE_FUNT>
      <CODE>GRAPH</CODE>
      <TEXTNO>001</TEXTNO>
      <TEXT_TYPE>S</TEXT_TYPE>
      <TEXT_NAME>ICON_TREE</TEXT_NAME>
      <ICON_ID>@3M@</ICON_ID>
      <FUN_TEXT>S-Expression</FUN_TEXT>
      <ICON_TEXT>S-Expression</ICON_TEXT>
      <INFO_TEXT>View nested list data</INFO_TEXT>
      <PATH>I</PATH>
     </RSMPE_FUNT>
     <RSMPE_FUNT>
      <CODE>GRPHCFG</CODE>
      <TEXTNO>001</TEXTNO>
      <TEXT_TYPE>S</TEXT_TYPE>
      <FUN_TEXT>Graph Config...</FUN_TEXT>
      <PATH>G</PATH>
     </RSMPE_FUNT>
     <RSMPE_FUNT>
      <CODE>HELP</CODE>
      <TEXTNO>001</TEXTNO>
      <TEXT_TYPE>S</TEXT_TYPE>
      <TEXT_NAME>ICON_INFORMATION</TEXT_NAME>
      <ICON_ID>@0S@</ICON_ID>
      <FUN_TEXT>Help</FUN_TEXT>
      <ICON_TEXT>Help</ICON_TEXT>
      <INFO_TEXT>Online manual</INFO_TEXT>
      <PATH>H</PATH>
     </RSMPE_FUNT>
     <RSMPE_FUNT>
      <CODE>NEXT</CODE>
      <TEXTNO>001</TEXTNO>
      <TEXT_TYPE>S</TEXT_TYPE>
      <TEXT_NAME>ICON_ARROW_RIGHT</TEXT_NAME>
      <ICON_ID>@9T@</ICON_ID>
      <FUN_TEXT>Next</FUN_TEXT>
      <ICON_TEXT>Next</ICON_TEXT>
      <INFO_TEXT>Next expression</INFO_TEXT>
     </RSMPE_FUNT>
     <RSMPE_FUNT>
      <CODE>PREV</CODE>
      <TEXTNO>001</TEXTNO>
      <TEXT_TYPE>S</TEXT_TYPE>
      <TEXT_NAME>ICON_ARROW_LEFT</TEXT_NAME>
      <ICON_ID>@9S@</ICON_ID>
      <FUN_TEXT>Previous</FUN_TEXT>
      <ICON_TEXT>Previous</ICON_TEXT>
      <INFO_TEXT>Previous expression</INFO_TEXT>
     </RSMPE_FUNT>
     <RSMPE_FUNT>
      <CODE>TRACE</CODE>
      <TEXTNO>001</TEXTNO>
      <TEXT_TYPE>S</TEXT_TYPE>
      <FUN_TEXT>Eval with Trace</FUN_TEXT>
      <PATH>A</PATH>
     </RSMPE_FUNT>
     <RSMPE_FUNT>
      <CODE>VALIDATE</CODE>
      <TEXTNO>001</TEXTNO>
      <TEXT_TYPE>S</TEXT_TYPE>
      <FUN_TEXT>Eval with Trace</FUN_TEXT>
     </RSMPE_FUNT>
     <RSMPE_FUNT>
      <CODE>VALIDATE</CODE>
      <TEXTNO>002</TEXTNO>
      <TEXT_TYPE>S</TEXT_TYPE>
      <FUN_TEXT>Check Syntax</FUN_TEXT>
      <ICON_TEXT>Help on..</ICON_TEXT>
      <PATH>C</PATH>
     </RSMPE_FUNT>
     <RSMPE_FUNT>
      <CODE>WIKI</CODE>
      <TEXTNO>001</TEXTNO>
      <TEXT_TYPE>S</TEXT_TYPE>
      <TEXT_NAME>ICON_INFORMATION</TEXT_NAME>
      <ICON_ID>@0S@</ICON_ID>
      <FUN_TEXT>Help</FUN_TEXT>
      <ICON_TEXT>Help on..</ICON_TEXT>
      <INFO_TEXT>Online manual</INFO_TEXT>
     </RSMPE_FUNT>
    </FUN>
    <MEN>
     <RSMPE_MEN>
      <CODE>000001</CODE>
      <NO>01</NO>
      <REF_TYPE>F</REF_TYPE>
      <REF_CODE>EXECUTE</REF_CODE>
      <REF_NO>001</REF_NO>
     </RSMPE_MEN>
     <RSMPE_MEN>
      <CODE>000001</CODE>
      <NO>02</NO>
      <REF_TYPE>F</REF_TYPE>
      <REF_CODE>TRACE</REF_CODE>
      <REF_NO>001</REF_NO>
     </RSMPE_MEN>
     <RSMPE_MEN>
      <CODE>000001</CODE>
      <NO>03</NO>
      <REF_TYPE>F</REF_TYPE>
      <REF_CODE>VALIDATE</REF_CODE>
      <REF_NO>002</REF_NO>
     </RSMPE_MEN>
     <RSMPE_MEN>
      <CODE>000001</CODE>
      <NO>04</NO>
      <REF_TYPE>S</REF_TYPE>
     </RSMPE_MEN>
     <RSMPE_MEN>
      <CODE>000001</CODE>
      <NO>05</NO>
      <REF_TYPE>F</REF_TYPE>
      <REF_CODE>GRAPH</REF_CODE>
      <REF_NO>001</REF_NO>
     </RSMPE_MEN>
     <RSMPE_MEN>
      <CODE>000001</CODE>
      <NO>06</NO>
      <REF_TYPE>F</REF_TYPE>
      <REF_CODE>GRPHCFG</REF_CODE>
      <REF_NO>001</REF_NO>
     </RSMPE_MEN>
     <RSMPE_MEN>
      <CODE>000001</CODE>
      <NO>07</NO>
      <REF_TYPE>S</REF_TYPE>
     </RSMPE_MEN>
     <RSMPE_MEN>
      <CODE>000001</CODE>
      <NO>08</NO>
      <REF_TYPE>F</REF_TYPE>
      <REF_CODE>CLEAR</REF_CODE>
      <REF_NO>001</REF_NO>
     </RSMPE_MEN>
     <RSMPE_MEN>
      <CODE>000001</CODE>
      <NO>09</NO>
      <REF_TYPE>F</REF_TYPE>
      <REF_CODE>EXIT</REF_CODE>
      <REF_NO>001</REF_NO>
     </RSMPE_MEN>
    </MEN>
    <MTX>
     <RSMPE_MNLT>
      <CODE>000001</CODE>
      <TEXT_TYPE>S</TEXT_TYPE>
      <TEXT>User Interface</TEXT>
      <PATH>U</PATH>
      <INT_NOTE>Standard Supplement</INT_NOTE>
     </RSMPE_MNLT>
    </MTX>
    <ACT>
     <RSMPE_ACT>
      <CODE>000001</CODE>
      <NO>01</NO>
      <MENUCODE>000001</MENUCODE>
     </RSMPE_ACT>
    </ACT>
    <BUT>
     <RSMPE_BUT>
      <PFK_CODE>000001</PFK_CODE>
      <CODE>0001</CODE>
      <NO>01</NO>
      <PFNO>08</PFNO>
     </RSMPE_BUT>
     <RSMPE_BUT>
      <PFK_CODE>000001</PFK_CODE>
      <CODE>0001</CODE>
      <NO>02</NO>
      <PFNO>02</PFNO>
     </RSMPE_BUT>
     <RSMPE_BUT>
      <PFK_CODE>000001</PFK_CODE>
      <CODE>0001</CODE>
      <NO>03</NO>
      <PFNO>23</PFNO>
     </RSMPE_BUT>
     <RSMPE_BUT>
      <PFK_CODE>000001</PFK_CODE>
      <CODE>0001</CODE>
      <NO>04</NO>
      <PFNO>24</PFNO>
     </RSMPE_BUT>
     <RSMPE_BUT>
      <PFK_CODE>000001</PFK_CODE>
      <CODE>0001</CODE>
      <NO>05</NO>
      <PFNO>14</PFNO>
     </RSMPE_BUT>
     <RSMPE_BUT>
      <PFK_CODE>000001</PFK_CODE>
      <CODE>0001</CODE>
      <NO>06</NO>
      <PFNO>S</PFNO>
     </RSMPE_BUT>
     <RSMPE_BUT>
      <PFK_CODE>000001</PFK_CODE>
      <CODE>0001</CODE>
      <NO>07</NO>
      <PFNO>13</PFNO>
     </RSMPE_BUT>
    </BUT>
    <PFK>
     <RSMPE_PFK>
      <CODE>000001</CODE>
      <PFNO>01</PFNO>
      <FUNCODE>HELP</FUNCODE>
      <FUNNO>001</FUNNO>
     </RSMPE_PFK>
     <RSMPE_PFK>
      <CODE>000001</CODE>
      <PFNO>02</PFNO>
      <FUNCODE>GRAPH</FUNCODE>
      <FUNNO>001</FUNNO>
     </RSMPE_PFK>
     <RSMPE_PFK>
      <CODE>000001</CODE>
      <PFNO>03</PFNO>
      <FUNCODE>BACK</FUNCODE>
      <FUNNO>001</FUNNO>
     </RSMPE_PFK>
     <RSMPE_PFK>
      <CODE>000001</CODE>
      <PFNO>08</PFNO>
      <FUNCODE>EXECUTE</FUNCODE>
      <FUNNO>001</FUNNO>
     </RSMPE_PFK>
     <RSMPE_PFK>
      <CODE>000001</CODE>
      <PFNO>12</PFNO>
      <FUNCODE>CANCEL</FUNCODE>
      <FUNNO>001</FUNNO>
     </RSMPE_PFK>
     <RSMPE_PFK>
      <CODE>000001</CODE>
      <PFNO>13</PFNO>
      <FUNCODE>WIKI</FUNCODE>
      <FUNNO>001</FUNNO>
     </RSMPE_PFK>
     <RSMPE_PFK>
      <CODE>000001</CODE>
      <PFNO>14</PFNO>
      <FUNCODE>CLEAR</FUNCODE>
      <FUNNO>001</FUNNO>
     </RSMPE_PFK>
     <RSMPE_PFK>
      <CODE>000001</CODE>
      <PFNO>15</PFNO>
      <FUNCODE>EXIT</FUNCODE>
      <FUNNO>001</FUNNO>
     </RSMPE_PFK>
     <RSMPE_PFK>
      <CODE>000001</CODE>
      <PFNO>23</PFNO>
      <FUNCODE>PREV</FUNCODE>
      <FUNNO>001</FUNNO>
     </RSMPE_PFK>
     <RSMPE_PFK>
      <CODE>000001</CODE>
      <PFNO>24</PFNO>
      <FUNCODE>NEXT</FUNCODE>
      <FUNNO>001</FUNNO>
     </RSMPE_PFK>
    </PFK>
    <SET>
     <RSMPE_STAF>
      <STATUS>STATUS_100</STATUS>
      <FUNCTION>BACK</FUNCTION>
     </RSMPE_STAF>
     <RSMPE_STAF>
      <STATUS>STATUS_100</STATUS>
      <FUNCTION>CANCEL</FUNCTION>
     </RSMPE_STAF>
     <RSMPE_STAF>
      <STATUS>STATUS_100</STATUS>
      <FUNCTION>CLEAR</FUNCTION>
     </RSMPE_STAF>
     <RSMPE_STAF>
      <STATUS>STATUS_100</STATUS>
      <FUNCTION>EXECUTE</FUNCTION>
     </RSMPE_STAF>
     <RSMPE_STAF>
      <STATUS>STATUS_100</STATUS>
      <FUNCTION>EXIT</FUNCTION>
     </RSMPE_STAF>
     <RSMPE_STAF>
      <STATUS>STATUS_100</STATUS>
      <FUNCTION>GRAPH</FUNCTION>
     </RSMPE_STAF>
     <RSMPE_STAF>
      <STATUS>STATUS_100</STATUS>
      <FUNCTION>GRPHCFG</FUNCTION>
     </RSMPE_STAF>
     <RSMPE_STAF>
      <STATUS>STATUS_100</STATUS>
      <FUNCTION>HELP</FUNCTION>
     </RSMPE_STAF>
     <RSMPE_STAF>
      <STATUS>STATUS_100</STATUS>
      <FUNCTION>NEXT</FUNCTION>
     </RSMPE_STAF>
     <RSMPE_STAF>
      <STATUS>STATUS_100</STATUS>
      <FUNCTION>PREV</FUNCTION>
     </RSMPE_STAF>
     <RSMPE_STAF>
      <STATUS>STATUS_100</STATUS>
      <FUNCTION>TEST</FUNCTION>
     </RSMPE_STAF>
     <RSMPE_STAF>
      <STATUS>STATUS_100</STATUS>
      <FUNCTION>TRACE</FUNCTION>
     </RSMPE_STAF>
     <RSMPE_STAF>
      <STATUS>STATUS_100</STATUS>
      <FUNCTION>VALIDATE</FUNCTION>
     </RSMPE_STAF>
     <RSMPE_STAF>
      <STATUS>STATUS_100</STATUS>
      <FUNCTION>WIKI</FUNCTION>
     </RSMPE_STAF>
    </SET>
    <DOC>
     <RSMPE_ATRT>
      <OBJ_TYPE>A</OBJ_TYPE>
      <OBJ_CODE>000001</OBJ_CODE>
      <MODAL>D</MODAL>
      <INT_NOTE>ABAP LISP Status</INT_NOTE>
     </RSMPE_ATRT>
     <RSMPE_ATRT>
      <OBJ_TYPE>B</OBJ_TYPE>
      <OBJ_CODE>000001</OBJ_CODE>
      <SUB_CODE>0001</SUB_CODE>
      <MODAL>D</MODAL>
      <INT_NOTE>ABAP LISP Status</INT_NOTE>
     </RSMPE_ATRT>
     <RSMPE_ATRT>
      <OBJ_TYPE>P</OBJ_TYPE>
      <OBJ_CODE>000001</OBJ_CODE>
      <MODAL>D</MODAL>
      <INT_NOTE>ABAP LISP Status</INT_NOTE>
     </RSMPE_ATRT>
    </DOC>
    <TIT>
     <RSMPE_TITT>
      <CODE>TITLE_100</CODE>
      <TEXT>ABAP LISP Workbench - &amp;</TEXT>
     </RSMPE_TITT>
    </TIT>
   </CUA>
   <TPOOL>
    <item>
     <ID>R</ID>
     <ENTRY>Program ZZ_LISP_IDE</ENTRY>
     <LENGTH>19</LENGTH>
    </item>
   </TPOOL>
  </asx:values>
 </asx:abap>
</abapGit>
